{"cameraMode":{"drawMode":0,"name":"Shaded","section":"Shading Mode"},"sceneLighting":true,"audioPlay":false,"sceneViewState":{"m_AlwaysRefresh":false,"showFog":true,"showSkybox":true,"showFlares":true,"showImageEffects":true,"showParticleSystems":true,"showVisualEffectGraphs":true,"m_FxEnabled":true},"in2DMode":false,"pivot":{"x":-1.1586742401123047,"y":6.018107891082764,"z":11.443938255310059},"rotation":{"x":-0.0001299279392696917,"y":0.9962193369865418,"z":-0.08689025044441223,"w":-0.001494052936322987},"size":0.039573319256305698,"orthographic":false}